y,yd,p,i,nbr_ratio,tr
7.277184618445606,1.701993917578112,3.459466289786131,3.9,0.986111111111111,3.0726933146901194
7.280414946855379,1.7017171060317846,3.462606009790799,3.98,0.9811320754716982,3.054001181677967
7.288662687892252,1.7023401601201724,3.462606009790799,4.05,0.9812206572769953,3.0587070727153796
7.288921428709056,1.7040547800742722,3.4657359027997265,4.09,0.9767441860465116,3.068052935133617
7.294007072050337,1.706410523341282,3.4688560301359703,4.1,0.9767441860465116,3.068052935133617
7.300998703476472,1.7094028637690306,3.4781584227982836,4.05,0.9769585253456221,3.077312260546414
7.311270161832488,1.709378388348112,3.4781584227982836,4.09,0.9726027397260275,3.086486636822455
7.317144144653222,1.7097249112099204,3.4781584227982836,4.12,0.9722222222222222,3.0726933146901194
7.321487644838847,1.7123615073747218,3.4781584227982836,4.02,0.9724770642201834,3.0819099697950434
7.33193977247153,1.7145950427293264,3.481240089335692,4.08,0.9772727272727273,3.091042453358316
7.33722380734032,1.7175412354674866,3.484312288372662,4.1,0.9817351598173517,3.086486636822455
7.349020983276793,1.719862377000803,3.490428515390098,4.32,0.9779735682819384,3.122364924487357
7.358407048313614,1.720231870261123,3.493472657771326,4.42,0.9824561403508771,3.126760535960395
7.362354617558778,1.7242200637056033,3.502549875922443,4.6,0.9774774774774775,3.100092288878234
7.369607844561325,1.7266930171280728,3.502549875922443,4.66,0.972972972972973,3.100092288878234
7.364183548274957,1.7295486447420212,3.502549875922443,4.67,0.9733333333333333,3.1135153092103742
7.367512763737751,1.7320646941896076,3.502549875922443,4.9,0.9688888888888889,3.1135153092103742
7.3689262265747395,1.7340560758951429,3.505557396986398,5.17,0.9690265486725662,3.1179499062782403
7.373076167997886,1.7370237538789846,3.5115454388310208,5.3,0.9653679653679653,3.139832617527748
7.372972558116983,1.7422053561414494,3.5145260669691587,5.53,0.9647577092511013,3.122364924487357
7.379862151946699,1.745308136409282,3.5145260669691587,5.4,0.9698275862068966,3.1441522786722644
7.384472430607444,1.7482031651967365,3.5085558999826545,5.53,0.9658119658119659,3.152736022363656
7.379956834995941,1.749781236317231,3.505557396986398,5.76,0.9741379310344829,3.1441522786722644
7.385999037354319,1.7515248359630438,3.505557396986398,5.4,0.9789915966386554,3.169685580677429
7.396695551706364,1.7521439476666048,3.5085558999826545,4.94,0.983402489626556,3.1822118404966093
7.391438682953042,1.7547022225232505,3.5085558999826545,5,0.9873417721518987,3.1654750481410856
7.388744371632448,1.7551509300936607,3.505557396986398,4.53,0.9914529914529915,3.152736022363656
7.396344669732982,1.7571668430147969,3.4995332823830174,4.05,0.9957264957264959,3.152736022363656
7.390047183581921,1.7577192475046395,3.505557396986398,3.94,0.9957081545064377,3.1484533605716547
7.392332926220892,1.7622982306441803,3.5115454388310208,3.98,0.9957446808510638,3.1570004211501135
7.394146696274447,1.7654080613343648,3.5115454388310208,3.79,0.9958333333333332,3.1780538303479458
7.409436896849826,1.768580485256514,3.5085558999826545,3.9,0.995798319327731,3.169685580677429
7.403340997484838,1.7718148791150592,3.5085558999826545,3.99,0.9958677685950414,3.186352633162641
7.401208596721058,1.7751106122796998,3.5085558999826545,3.88,0.9919028340080972,3.2068032436339315
7.409179895606356,1.7802604713800874,3.5085558999826545,4.13,0.9959514170040487,3.2068032436339315
7.419046227847306,1.783671013418133,3.517497837358316,4.51,0.9920948616600791,3.2308043957334744
7.423610632145966,1.7871409566830987,3.520460802488973,4.61,0.9922480620155039,3.250374491927572
7.430635516883105,1.7906772429855438,3.5263605246161616,4.71,0.9843749999999999,3.242592351485517
7.435793744591793,1.7942791300119354,3.529297384289471,5.05,0.9726562499999999,3.242592351485517
7.43808658187407,1.7979458680909597,3.529297384289471,5.76,0.9726562499999999,3.242592351485517
7.44865304254812,1.800872087477458,3.5322256440685598,6.12,0.9724409448818898,3.2347491740244907
7.452976308914616,1.8048140474989884,3.5322256440685598,6.07,0.9727626459143969,3.246490991901174
7.452993658937039,1.808018584221064,3.535145354171894,6.03,0.9807692307692307,3.258096538021482
7.454680845126392,1.8105908605289112,3.5322256440685598,6.03,0.9807692307692307,3.258096538021482
7.455244711740706,1.8142690497683867,3.5380565643793527,5.78,0.9808429118773946,3.261935314328648
7.452324855371458,1.8207630731029452,3.5380565643793527,5.91,0.9849624060150375,3.2809112157876537
7.46039756047351,1.8246821715151116,3.5409593240373143,5.82,0.9776119402985074,3.288401887516811
7.461931702651096,1.829473642060134,3.543853682063679,6.02,0.9705882352941176,3.3032169733019514
7.467633017474502,1.831727002530469,3.5496173867804286,6.3,0.9715302491103203,3.3357695763397
7.473402882040192,1.834078842653076,3.5553480614894135,6.61,0.9706959706959707,3.3068867021909143
7.4801750032496654,1.8399101390181676,3.5610460826040513,6.79,0.9664179104477612,3.288401887516811
7.476868333215016,1.8441305030869661,3.563882963939251,7.41,0.96309963099631,3.299533727885655
7.473050892349961,1.847153665296524,3.56953269648137,8.67,0.949820788530466,3.32862668882732
7.480404410884296,1.8523302850229593,3.5751506887855933,8.9,0.9487179487179487,3.3068867021909143
7.483529671510117,1.8579706772910936,3.5779478934066544,8.61,0.9520295202952029,3.299533727885655
7.484087000868045,1.8614610562911849,3.5751506887855933,9.19,0.9555555555555556,3.295836866004329
7.482453325067709,1.8661178630409874,3.5779478934066544,9.15,0.9592592592592593,3.295836866004329
7.481245654496451,1.8702886876170723,3.580737295494233,9,0.9562043795620438,3.3105430133940246
7.475276426826527,1.8746129437925787,3.586292865338835,8.85,0.9566787003610109,3.3214324131932926
7.478857440510875,1.8790885748649049,3.591817741270805,8.97,0.9572953736654803,3.3357695763397
7.472531444396534,1.883713474249887,3.597312260588446,8.98,0.9653979238754326,3.3638415951183864
7.478252956933228,1.8885926623839908,3.6027767550605247,8.98,0.960573476702509,3.32862668882732
7.480118444475491,1.8937223310357012,3.6027767550605247,7.76,0.9672727272727273,3.3141860046725258
7.4776201732937295,1.8990985235356164,3.6054978451748854,8.1,0.9715302491103203,3.3357695763397
7.478299682510355,1.902198226112767,3.6054978451748854,7.95,0.96415770609319,3.32862668882732
7.47924648618895,1.9062069187658546,3.6082115510464816,7.61,0.967391304347826,3.3178157727231046
7.4869045052521646,1.9079647772926465,3.6136169696133895,7.21,0.9537366548042704,3.3357695763397
7.4894806879782285,1.910044884536299,3.6082115510464816,6.62,0.9683098591549296,3.3463891451671604
7.486296390741331,1.9140138785530272,3.6136169696133895,6.29,0.9791666666666666,3.3603753871419
7.470704336786708,1.9182898448344476,3.6136169696133895,6.2,0.9860139860139859,3.353406717825807
7.468379111806121,1.9234950003588158,3.6136169696133895,5.6,0.9860627177700348,3.3568971227655755
7.491123350193175,1.9296148169600527,3.6136169696133895,4.9,0.9897260273972602,3.374168709274236
7.503126335084683,1.935098897150524,3.6189933266497696,4.14,0.9901315789473685,3.414442608412176
7.504351852721955,1.9385382449326405,3.629660094453965,3.72,0.9899665551839466,3.3978584803966405
7.503282629261279,1.9430037482090623,3.632309102625542,3.71,0.9898989898989898,3.391147045808654
7.504665958378888,1.9469662093825102,3.634951112088381,4.16,0.9966555183946489,3.3978584803966405
7.508317982242172,1.9520603199082205,3.6402142821326553,4.63,0.9900990099009901,3.4111477125153233
7.5139362932800395,1.9567681045296998,3.6428355156125294,4.91,0.9833887043189369,3.40452517175483
7.516454798588984,1.9595984253888667,3.6454498961866,5.31,0.9705882352941175,3.4210000089583352
7.512593177860121,1.962153706301696,3.6506582412937387,5.57,0.9704918032786886,3.417726683613366
7.522441931773478,1.9644360323386538,3.6454498961866,5.55,0.9837662337662337,3.427514689979529
7.52133515040459,1.966447255222154,3.6454498961866,5.2,0.9902597402597403,3.427514689979529
7.517532522802809,1.969891788834633,3.6454498961866,4.91,0.9870550161812298,3.4307561839036995
7.519680912393851,1.9747548699736348,3.653252276470785,4.14,0.9968051118210862,3.4436180975461075
7.532077202734031,1.9810158570375174,3.6584202466292277,3.51,1,3.493472657771326
7.53725281006271,1.987025968364064,3.6686767467964168,3.3,1,3.462606009790799
7.54380395330588,1.9884339492392067,3.6686767467964168,3.83,0.9968652037617556,3.462606009790799
7.556890267029108,1.9896285861844476,3.6712245188752153,4.17,0.9969325153374232,3.484312288372662
7.560003343846517,1.9914824925734822,3.676300671907076,4.27,0.9969512195121953,3.490428515390098
7.563581354338139,1.9939920071619117,3.681351187693145,4.46,0.9969230769230769,3.481240089335692
7.562363980478736,1.9971521996298764,3.6888794541139363,4.55,0.9909365558912385,3.4995332823830174
7.571821020789901,2.000623675473,3.6913763343125234,4.81,0.9879154078549849,3.4995332823830174
7.574450638119705,2.0058341038598937,3.6938669956249757,4.87,0.9848484848484849,3.4965075614664802
7.5792175070654055,2.0099122668502316,3.6913763343125234,5.05,0.9822485207100593,3.520460802488973
7.585577895533542,2.0146126309199572,3.696351468952637,5.06,0.9811320754716981,3.459466289786131
7.593645455700155,2.0171026010602873,3.716008121502189,5.33,0.9681528662420382,3.4468078929142076
7.600597252462824,2.020221580623653,3.728100167267218,5.94,0.9635258358662614,3.493472657771326
7.614297287946239,2.0248360547996724,3.7471483622379123,6.58,0.9495268138801263,3.456316680883235
7.616866571796566,2.0309253815759494,3.7704594411063592,7.09,0.9435736677115988,3.462606009790799
7.618454986077405,2.0356908072916737,3.775057150354989,7.12,0.9473684210526317,3.475067230228611
7.624030833960936,2.039878187934005,3.7954891891721947,7.84,0.9444444444444445,3.4781584227982836
7.621829565531198,2.046245004748075,3.817712325956905,8.49,0.9409937888198757,3.4719664525503626
7.6184234530732935,2.049288336730912,3.8044377947482086,10.4,0.9402985074626866,3.5115454388310208
7.612767404602831,2.062732329172278,3.8607297110405954,10.5,0.9347181008902077,3.517497837358316
7.617306672430196,2.0675192730650864,3.8437441646748516,10.78,0.9470588235294118,3.5263605246161616
7.624317381460006,2.0745105043065277,3.835141961092188,10.01,0.9598853868194843,3.5524868292083815
7.627818411475943,2.0794057417687095,3.8394523125933104,10.03,0.9597701149425287,3.5496173867804286
7.624709644674912,2.0848814177256823,3.858622228701031,9.95,0.9629629629629628,3.55820113047182
7.618212046272761,2.090927915318032,3.8918202981106265,9.65,0.9699453551912568,3.6000482404073204
7.615714164582206,2.0979628315340286,3.912023005428146,8.97,0.9659090909090908,3.5610460826040513
7.617018685003891,2.105965190931747,3.92395157629342,9.35,0.9627507163323783,3.5524868292083815
7.616714757711855,2.1123439687063583,3.9318256327243257,10.51,0.9500000000000001,3.58351893845611
7.623092369913642,2.1218737211349565,3.9473901492654373,11.31,0.9287671232876712,3.597312260588446
7.618250693263886,2.130685843142456,3.9512437185814275,11.93,0.9178082191780822,3.597312260588446
7.614056222096409,2.1387983921527494,3.9889840465642745,12.92,0.9115281501340483,3.6189933266497696
7.604653658021478,2.150251657499286,4.023564380161053,12.01,0.9108108108108108,3.6109179126442243
7.610842991452888,2.1624893581962756,4.023564380161053,11.34,0.9110512129380053,3.6136169696133895
7.620724900779513,2.1706425841970156,4.041295341132285,10.06,0.951219512195122,3.6082115510464816
7.605976500211633,2.1799465130341695,4.050044303325521,9.45,0.9646739130434784,3.6054978451748854
7.590978231055854,2.1879879514591978,4.048300623720694,8.53,0.9783197831978321,3.6082115510464816
7.597135513931641,2.195979503792168,4.050044303325521,7.13,0.989389920424403,3.629660094453965
7.59185097772561,2.202498133466625,4.046553898385752,6.24,0.9971830985915493,3.56953269648137
7.592152288253806,2.207572113850402,4.041295341132285,5.54,0.9971181556195965,3.5467396869528134
7.59897271962428,2.2123868990149234,4.051784947803305,5.49,0.9971590909090908,3.5610460826040513
7.599082700941846,2.215715887411552,4.05871738457895,5.22,0.9971181556195965,3.5467396869528134
7.60444715269825,2.222191334153049,4.060443010546419,5.55,0.9942196531791907,3.543853682063679
7.610849356935856,2.229468409156747,4.072439726834051,6.1,0.9914040114613182,3.5524868292083815
7.616930453099131,2.233454188690125,4.07753744390572,6.14,0.991304347826087,3.5409593240373143
7.62560418128909,2.239861586593111,4.084294226368599,6.24,0.9884393063583815,3.543853682063679
7.627737679359025,2.245273669427248,4.091005660956586,5.82,0.9942196531791907,3.543853682063679
7.627805514316268,2.2513766031544273,4.085976312551584,5.22,0.9971098265895953,3.543853682063679
7.6380038746814725,2.2559331015512316,4.089332020398556,5.2,0.9971428571428571,3.5553480614894135
7.648225654716701,2.2589640829092215,4.092676505121403,4.87,0.997191011235955,3.572345637857985
7.655547518169605,2.2612554609185316,4.092676505121403,4.77,0.9970760233918128,3.5322256440685598
7.656524487534436,2.2639175533370524,4.0943445622221,4.84,0.9970414201183434,3.520460802488973
7.65951669933436,2.266947394637146,4.104294893075269,4.82,1,3.529297384289471
7.661695648153359,2.2715934470993373,4.107589788972121,5.29,0.9941348973607037,3.529297384289471
7.661025560704317,2.2756521148881155,4.11414718951828,5.48,0.9941002949852509,3.5234150143864045
7.663884876468695,2.2791304429817103,4.120661870539474,5.31,0.9970845481049564,3.535145354171894
7.667272745362242,2.2838379745365778,4.117409835153096,5.29,0.9970674486803519,3.529297384289471
7.667454933285159,2.289757380434793,4.123903364463645,5.25,0.9970501474926253,3.5234150143864045
7.664115215463888,2.2968671399210696,4.12552017969055,5.02,0.9970845481049564,3.535145354171894
7.674293495419941,2.301964152873237,4.127134385045092,4.95,0.9971181556195965,3.5467396869528134
7.681729884620872,2.3071968266549385,4.135166556742356,4.65,1,3.5610460826040513
7.675269320714312,2.3115101549342496,4.139955073474153,4.61,0.9972299168975068,3.586292865338835
7.686378558912377,2.318995733002783,4.151039905898646,4.68,1,3.5380565643793527
7.693859013384276,2.3233568160134204,4.160444363926624,4.69,0.9970674486803519,3.529297384289471
7.697565177306652,2.328783674098451,4.1728476237100445,4.73,0.9971264367816094,3.5496173867804286
7.703307376768553,2.331758469421924,4.177459468932607,5.35,0.994236311239193,3.5467396869528134
7.712365334303425,2.335393107389883,4.174387269895637,5.39,0.994186046511628,3.5380565643793527
7.719325050800898,2.3386558128278754,4.175924549214524,5.42,0.991501416430595,3.563882963939251
7.722573150650891,2.3437915590654934,4.174387269895637,5.9,0.96875,3.5610460826040513
7.725000310147843,2.349758335338442,4.178992036282385,6.14,0.9801136363636362,3.5610460826040513
7.72174623890187,2.358553029307167,4.183575695950044,6.47,0.9635854341736694,3.5751506887855933
7.72146318516471,2.3664162016779704,4.186619838331271,6.51,0.9749303621169917,3.580737295494233
7.723755415300762,2.3713868878118394,4.192680462942962,6.56,0.9835616438356164,3.597312260588446
7.7147318697685145,2.3754858602515623,4.2017030805426,6.7,0.9895013123359581,3.6402142821326553
7.721905269540388,2.3793142139105155,4.212127597878484,6.78,0.9891304347826088,3.6054978451748854
7.73974307663137,2.3848345795773827,4.220977213155467,6.79,0.9916897506925206,3.586292865338835
7.757796312964892,2.3920190245621398,4.23410650459726,6.89,0.9837837837837837,3.6109179126442243
7.762925657712046,2.399396194081759,4.241326752570746,7.36,0.9676549865229109,3.6136169696133895
7.769548473493488,2.4050448043266446,4.248495242049359,7.6,0.9705093833780163,3.6189933266497696
7.770049466019515,2.4099487643087425,4.254193263163997,7.81,0.9659685863874344,3.6428355156125294
7.774071013962994,2.4147517690888787,4.254193263163997,8.04,0.9680851063829786,3.6270040503958487
7.776196686003512,2.4222877286954,4.2626798770413155,8.45,0.970899470899471,3.632309102625542
7.781873558534491,2.430626906422389,4.273884476054178,8.96,0.9661458333333334,3.648057459593681
7.787592362598991,2.436200778427187,4.278054044290903,9.76,0.9823232323232323,3.6788291182604347
7.790895328052952,2.4409077318740944,4.286341384539473,10.03,0.9784172661870503,3.730501128804756
7.7852988158070335,2.446601935097875,4.301358731606427,10.07,0.9767981438515081,3.763522997109702
7.788830362543515,2.4537865446019973,4.316153890523174,10.06,0.9754299754299754,3.7062280924485496
7.7916258275319255,2.4615232699363814,4.328098292648326,10.09,0.9751243781094527,3.6938669956249757
7.78204989825571,2.469798991224312,4.3425058765115985,10.01,0.9778869778869778,3.7062280924485496
7.79164273939322,2.4783668561600956,4.350277936359301,10.24,0.9577114427860696,3.6938669956249757
7.795226697345767,2.4863348622166286,4.356708826689592,10.29,0.9650872817955113,3.6913763343125234
7.798630776384299,2.4937166832463675,4.37197629882038,10.47,0.9706601466992666,3.711130063048756
7.7959378656499885,2.4999101293197747,4.377014092850337,10.94,0.9729729729729729,3.7062280924485496
7.796596879730544,2.505804540369533,4.393213824064446,11.43,0.9659367396593674,3.716008121502189
7.801399570100376,2.5122670497958013,4.407938016458383,13.77,0.9527186761229315,3.744787086052232
7.7989312452149555,2.5181132068935157,4.414009680526933,13.18,0.9558139534883722,3.7612001156935624
7.798326017975778,2.524205390644294,4.423648309364701,13.78,0.9659090909090909,3.784189633918261
7.801678523684901,2.531384683208933,4.44500143383527,13.82,0.9712389380530972,3.8110970868381857
7.803116354026857,2.538458727721937,4.464758032271346,14.13,0.9606481481481481,3.765840495250065
7.803286149664768,2.5470952241305485,4.471638793363569,17.19,0.9350348027842227,3.763522997109702
7.7926608347511435,2.5539528994229395,4.475061500641071,17.61,0.9443207126948775,3.8044377947482086
7.77848843034162,2.562074118618528,4.480740107609915,10.98,0.975,3.784189633918261
7.7743816931732255,2.5714279609165605,4.485259889315534,9.47,0.9908045977011495,3.7727609380946383
7.775323186739008,2.5763377767894755,4.5031374604229395,9.03,0.9906759906759907,3.758871825933971
7.7789451022496925,2.584559773536848,4.516338972281476,9.61,0.9826732673267328,3.6988297849671046
7.787746165313368,2.592837817781703,4.51852237926242,10.87,0.9684466019417475,3.7184382563554808
7.788258933312056,2.601169977235727,4.530446639792155,12.81,0.9688249400479615,3.730501128804756
7.799432610968798,2.6104851702991887,4.534747721691546,15.85,0.9514563106796117,3.7184382563554808
7.809681383052184,2.6192080708550756,4.541164856012179,18.9,0.9582309582309582,3.7062280924485496
7.8163772569738565,2.628121078401257,4.55597994179732,19.08,0.9663461538461539,3.728100167267218
7.818250432386942,2.6368559459563703,4.565389315976247,15.93,0.9674185463659148,3.686376323895818
7.821068623347819,2.6439068959361838,4.574710978503383,14.7,0.9748110831234257,3.681351187693145
7.80969315236533,2.6500599412430463,4.584967478670572,15.72,0.967741935483871,3.696351468952637
7.810083899572539,2.6558106313406675,4.5880240271531205,18.52,0.945679012345679,3.7013019741124933
7.813605134414421,2.6619078957824835,4.590056548178043,19.1,0.9504950495049505,3.6988297849671046
7.82190995625965,2.6683452294048178,4.59511985013459,19.04,0.9585365853658536,3.713572066704308
7.823965981618286,2.6737082029840518,4.59511985013459,17.82,0.9658536585365854,3.713572066704308
7.823221471908706,2.6816576928567195,4.593097604753822,15.87,0.9630541871921182,3.703768066607687
7.820105919027618,2.686356732801628,4.594109238628667,15.08,0.9705159705159705,3.7062280924485496
7.812337606406222,2.6919067320467525,4.593097604753822,13.31,0.9853300733496332,3.711130063048756
7.8037205079017955,2.696861560026969,4.593097604753822,12.37,0.9856801909307875,3.735285826928092
7.785304894944211,2.701942977607847,4.602165676967792,13.22,0.9652777777777778,3.765840495250065
7.802536392961128,2.7063173394292104,4.603168183317418,14.78,0.9564164648910413,3.720862499966987
7.801322386318086,2.707870158342447,4.601162164590552,14.68,0.9617346938775511,3.6686767467964168
7.80102603543146,2.7108626380683867,4.601162164590552,14.94,0.9595959595959596,3.6788291182604347
7.8006325458703465,2.7178801003015276,4.603168183317418,14.45,0.9721518987341772,3.676300671907076
7.801251512840122,2.7260589652264273,4.605170185988092,14.15,0.9696969696969696,3.6788291182604347
7.799150630558589,2.7298400464643424,4.609162207257629,12.59,0.9824999999999999,3.6888794541139363
7.794672789064116,2.7325096696198683,4.60816569496789,10.12,0.9875621890547264,3.6938669956249757
7.797591626629828,2.7347667482674263,4.605170185988092,10.31,0.975,3.6888794541139363
7.797129082642868,2.7407368427469696,4.607168188650764,9.71,0.9876847290640394,3.703768066607687
7.7992908460875805,2.7431722935986427,4.60816569496789,9.2,0.9854368932038835,3.7184382563554808
7.796197788450587,2.744151107654509,4.61015772749913,8.95,0.983293556085919,3.735285826928092
7.810126133705816,2.7484520646086605,4.607168188650764,8.68,0.9856801909307875,3.735285826928092
7.8065057773228945,2.7506759962070135,4.61015772749913,8.51,0.984924623115578,3.6838669122903918
7.8152445339828,2.751515313865676,4.609162207257629,8.77,0.9789473684210527,3.6375861597263857
7.8283226165247735,2.755037627945257,4.609162207257629,8.8,0.9715762273901808,3.655839600035736
7.8339222044756704,2.757669927027054,4.613138355637268,8.63,0.9738903394255874,3.6454498961866
7.837131533177502,2.7600919947103764,4.61512051684126,8.98,0.9583333333333333,3.648057459593681
7.844536460408984,2.7649860829687833,4.618086411254637,9.37,0.9640102827763497,3.6609942506244004
7.851576444410209,2.768435013139778,4.623010104116422,9.56,0.958656330749354,3.655839600035736
7.862577719670262,2.7711190494908573,4.624972813284271,9.45,0.9630606860158312,3.634951112088381
7.870160389771784,2.7737080063579644,4.626931677769604,9.48,0.9790026246719159,3.6402142821326553
7.873888903400129,2.7757042877331117,4.625952725170619,9.34,0.9763779527559056,3.6402142821326553
7.876655037817653,2.7777724289250454,4.627909672957581,9.47,0.9794344473007712,3.6609942506244004
7.889516379586748,2.782545995377609,4.633757642840004,9.56,0.9825436408977556,3.6913763343125234
7.8922148717161,2.786184469235833,4.636668853047462,9.59,0.9862258953168044,3.591817741270805
7.897047029557328,2.788700132453944,4.6434288981051814,9.91,0.9751381215469612,3.5890591188317256
7.904389828165734,2.792057566301594,4.6443908991413725,10.29,0.9676549865229109,3.6136169696133895
7.910714686323058,2.7942734884160494,4.645351975620923,10.32,0.9178082191780822,3.597312260588446
7.915049764658311,2.796653149901082,4.6443908991413725,11.06,0.912,3.624340932976365
7.9180726226116445,2.80048809688925,4.646312129319266,11.23,0.84,3.624340932976365
7.920451962936645,2.8033001078655078,4.642465970731788,11.64,0.7828418230563003,3.6189933266497696
7.920438340336338,2.8057405257486088,4.638604962074329,11.3,0.8105263157894737,3.6375861597263857
7.923345347126878,2.8084530725480135,4.638604962074329,9.99,0.8441558441558441,3.6506582412937387
7.928686811121424,2.810440008052466,4.641502115235482,9.43,0.8826530612244897,3.6686767467964168
7.931438404806403,2.812982300899034,4.639571612705423,8.38,0.9213759213759213,3.7062280924485496
7.933572203920685,2.816075717619471,4.638604962074329,8.35,0.9659367396593674,3.716008121502189
7.937824344688201,2.8209307913007904,4.637637376125593,8.5,0.9676616915422884,3.6938669956249757
7.9410064727065,2.8243734295913776,4.635699391022914,8.58,0.9603960396039604,3.6988297849671046
7.941253654095012,2.8251585018855057,4.637637376125593,8.27,0.9687499999999999,3.728100167267218
7.946114704396351,2.8264881947504277,4.639571612705423,7.97,0.9682926829268294,3.713572066704308
7.951321819695667,2.828988329721981,4.637637376125593,7.53,0.9716981132075473,3.7471483622379123
7.955132725291373,2.831398368601642,4.636668853047462,7.88,0.9742990654205609,3.756538102587751
7.962165624487921,2.8331254066414826,4.631812116934513,7.9,0.9766899766899767,3.758871825933971
7.966854170300594,2.834172969928517,4.625952725170619,7.92,0.9707865168539327,3.7954891891721947
7.964137209558313,2.835791044251689,4.633757642840004,7.99,0.9736263736263736,3.817712325956905
7.967051717263628,2.838362723609516,4.638604962074329,8.05,0.9612068965517242,3.8372994592322094
7.975186542625718,2.84126072058467,4.640537329825382,8.27,0.9729729729729729,3.8732821771117156
7.980968607603535,2.843863853072292,4.636668853047462,8.14,0.9854166666666666,3.871201010907891
7.9779273101120785,2.8438832784874157,4.622027303054514,7.86,0.98068669527897,3.8416005411316
7.975387015011502,2.842558581633006,4.60816569496789,7.48,0.9830866807610994,3.856510295497887
7.979755189794485,2.843603432707155,4.601162164590552,6.99,0.9815950920245399,3.8897773964808264
7.983990135815741,2.8474969621651396,4.605170185988092,6.85,0.9814432989690722,3.8815637979434374
7.984017968896215,2.850526353432323,4.604169685654508,6.92,0.9839679358717436,3.910021002757473
7.991622972204677,2.850244053883869,4.599152113662528,6.56,0.9843137254901961,3.9318256327243257
7.99154962254904,2.850507591247003,4.598145571051127,6.17,0.9824561403508772,3.937690752176724
7.993159516579985,2.8531566361682774,4.599152113662528,5.89,0.981203007518797,3.9740583963475986
7.9944859348134045,2.8551189655923808,4.602165676967792,5.85,0.9853479853479853,4.000033882750859
7.995995241990561,2.8565178238534186,4.603168183317418,6.04,0.9875666074600356,4.030694535145645
8.001885247274974,2.858575296011452,4.602165676967792,6.91,0.9848484848484849,4.084294226368599
7.998600425880777,2.8612873216144434,4.61015772749913,6.43,0.9916107382550335,4.087655574071304
8.007678052687382,2.8630307919051283,4.61512051684126,6.1,0.9912280701754386,4.04305126783455
8.008247178113432,2.8650226398631995,4.617098756853365,6.13,0.989492119089317,4.044804116661965
8.01252810396623,2.867865415806356,4.623991940228679,6.37,0.9831649831649831,4.084294226368599
8.016091023420616,2.8695858414664617,4.630837932736669,6.85,0.9828473413379074,4.065602093356446
8.018100038651456,2.872596609453497,4.634728988229636,6.73,0.9863945578231293,4.074141854904581
8.020628423637595,2.8744894957265443,4.639571612705423,6.58,0.9881154499151105,4.075841090657541
8.024743492838446,2.8777193219234145,4.642465970731788,6.73,0.9897084048027445,4.065602093356446
8.027247233801532,2.880485921498459,4.641502115235482,7.22,0.9832775919732442,4.091005660956586
8.03782179642191,2.882793103387293,4.645351975620923,7.29,0.983633387888707,4.11251186617755
8.041302326916272,2.8858497513070702,4.646312129319266,6.69,0.9901960784313725,4.11414718951828
8.044566328865816,2.887874894398602,4.646312129319266,6.77,0.9887278582930756,4.128745988939433
8.042666545168277,2.891237189682128,4.650143551630823,6.83,0.9824281150159744,4.136765278106052
8.04645277861478,2.893189644712492,4.6520537718869415,6.58,0.9933333333333334,4.0943445622221
8.050035464509037,2.8955042303590197,4.653007515402251,6.58,0.9716666666666666,4.0943445622221
8.057842182574303,2.899934364212552,4.661550519424199,6.87,0.9516129032258065,4.127134385045092
8.058579745836976,2.9024583919257365,4.66814498514948,7.09,0.9587458745874587,4.104294893075269
8.061905962424042,2.9065823183217576,4.674696248636701,7.51,0.95,4.127134385045092
8.062022911831377,2.911130513126886,4.681204872264089,7.75,0.9456869009584665,4.136765278106052
8.06695475068167,2.9150773491058004,4.68213122712422,8.01,0.9483037156704363,4.12552017969055
8.066874728716916,2.9184298466686336,4.683056724645162,8.19,0.9533762057877813,4.130354999745133
8.073527668489085,2.920621257496258,4.6839813664123815,8.3,0.9628432956381261,4.12552017969055
8.078179037111441,2.923315093909925,4.684905154006945,8.35,0.9535256410256411,4.133565275375382
8.083836709811374,2.9265072938672185,4.6913478822291435,8.76,0.9733124018838304,4.154184562578117
8.087748220489463,2.930760284161135,4.705015520957808,9.12,0.9731861198738171,4.14946386144318
8.086714764308297,2.9337176506699993,4.707726774313183,9.36,0.9752475247524752,4.104294893075269
8.091438850246616,2.9370826670269037,4.7140245909001735,9.85,0.9700499168053244,4.096009841541162
8.094756459680662,2.9414123969443557,4.721173861744398,9.84,0.9640522875816993,4.11414718951828
8.094627815123479,2.9446336093486183,4.729156165769083,9.81,0.969439728353141,4.075841090657541
8.099322658604102,2.9473148291374,4.726502471155617,9.53,0.9748322147651006,4.087655574071304
8.0976380749126875,2.9505728274097027,4.725616339063959,9.24,0.988391376451078,4.09933210373314
8.107588642461026,2.951279871568599,4.718498871295094,8.99,0.9882550335570469,4.087655574071304
8.105599837883494,2.953329664490495,4.722063937459591,9.02,0.9883527454242927,4.096009841541162
8.102374320175112,2.956713971739876,4.725616339063959,8.84,0.9900662251655629,4.100989104940769
8.104452073027346,2.9591415247677433,4.724729421045731,8.55,0.9950738916256158,4.109233174715851
8.10991629998993,2.960619254678275,4.727387818712341,8.45,0.996810207336523,4.138361447638875
8.109536346080366,2.966089796399368,4.74406218485471,8.23,0.9936406995230525,4.141546163706395
8.117924350947611,2.9689615671732357,4.739701078945697,8.24,0.9752475247524752,4.104294893075269
8.121866151892204,2.973612418803178,4.73795129722191,8.28,0.9653465346534653,4.104294893075269
8.118804132814017,2.977856123202037,4.73707525686803,8.26,0.9743999999999999,4.135166556742356
8.119959850645106,2.980103969474662,4.741447804280639,8.18,0.9784053156146179,4.097672352314776
8.1214700900961,2.9841394715942333,4.738826570800765,8.29,0.9852941176470588,4.11414718951828
8.11932186034458,2.985656211937678,4.740574822994295,8.15,0.9885057471264369,4.109233174715851
8.12143304300739,2.9896499529730223,4.757891273005756,8.13,0.9851729818780889,4.1059436980654525
8.121476226970435,2.9923659427069254,4.774068722449905,8.2,0.990228013029316,4.117409835153096
8.117604327188603,2.9948787586214403,4.794136285500715,8.11,0.9934426229508196,4.110873864173311
8.109864290762584,2.9957706147281464,4.788324729085938,7.81,0.996774193548387,4.127134385045092
8.107297998852232,2.999290743566145,4.776599301615622,7.31,0.9949238578680202,4.079230924412053
8.108903116839468,3.0043584611386294,4.77912349311153,6.91,0.9901768172888016,3.929862923556477
8.106762750838447,3.0067508613314575,4.763881877142913,6.25,0.9958762886597937,3.8815637979434374
8.105054671132727,3.008062921338728,4.755312844417811,6.12,0.993827160493827,3.883623530906448
8.108576792666934,3.0103956448922564,4.7535901911063645,5.91,0.996023856858847,3.9180050771056933
8.115448672893699,3.0138496466569533,4.757891273005756,5.78,0.9938900203665987,3.893859034800475
8.119965870342739,3.016853742243733,4.757032535297338,5.9,0.9940476190476191,3.919991175077323
8.119275700260689,3.018892867899024,4.754451888703846,5.82,0.9881656804733727,3.9259259105971376
8.117497207390889,3.021614035273323,4.755312844417811,5.66,0.984189723320158,3.92395157629342
8.12236781059508,3.0239790636186354,4.754451888703846,5.45,0.9882583170254403,3.933784497209659
8.122067569465443,3.024958851082574,4.757032535297338,5.21,0.9941860465116278,3.9435216724875173
8.123242235339957,3.0278132490844296,4.757032535297338,4.81,0.9962335216572504,3.9721769282478934
8.124273935576621,3.0294484580831864,4.752727750345706,4.43,0.9981981981981982,4.0163830207523885
8.127268464562635,3.02935676995836,4.750135956238277,4.03,0.9964157706093191,4.021773869387265
8.135793018772503,3.0306532179110492,4.7535901911063645,4.06,0.9981884057971014,4.01096295328305
8.142171839742003,3.0333324147967446,4.754451888703846,3.98,0.9982238010657195,4.030694535145645
8.144767780382644,3.035342408244061,4.7561730595246186,3.73,1,3.919991175077323
8.14598887134286,3.037045221673197,4.763881877142913,3.82,0.9979508196721313,3.8877303128591016
8.146885438550845,3.0389514442384504,4.770684624465665,3.76,0.9959595959595959,3.901972669574645
8.15562959046677,3.040551953061188,4.769836807543325,3.25,0.9939759036144579,3.9080149840306073
8.15364219707485,3.0419072156886933,4.768139014266231,3.3,0.99402390438247,3.9160150266976834
8.157864778717881,3.043524929837136,4.770684624465665,3.22,0.9961165048543689,3.9415818076696905
8.164379901183352,3.0469195492921246,4.771531723203316,3.1,0.9981167608286252,3.9721769282478934
8.16713618080087,3.0492106767715654,4.768988271217486,3.09,0.9981718464351005,4.001863709427935
8.16674638400685,3.050405863409486,4.767289035464526,2.92,0.9982332155477032,4.036008985209137
8.166246653235229,3.0530211301001686,4.770684624465665,3.02,0.9982142857142857,4.02535169073515
8.168453393145585,3.0546132885613506,4.774068722449905,3.03,0.9981447124304267,3.9871304779149512
8.168567068951852,3.055687790495495,4.776599301615622,3.07,0.9981583793738491,3.9945242269398897
8.17326615604615,3.0582449954875734,4.78164132910387,2.96,1,4.034240638152395
8.172404632596244,3.0607330563772415,4.784988612563928,3,0.9982174688057041,4.027135812528651
8.175010760533466,3.0621585169349412,4.783316371371566,3.04,0.9965034965034965,4.046553898385752
8.177068006578404,3.0645121070360637,4.7808027546312495,3.06,0.9965337954939341,4.055257173514054
8.176659159348729,3.066687187248112,4.776599301615622,3.03,0.9930795847750865,4.056988775678332
8.181230346863646,3.0676964400777473,4.776599301615622,3.09,0.9932318104906938,4.079230924412053
8.187567872945856,3.0700131115992346,4.779963476361254,2.99,0.995,4.0943445622221
8.191610334857126,3.071760078751299,4.77912349311153,3.02,0.9983686786296901,4.115779842942166
8.196296093112634,3.0734320865235953,4.775756486563625,2.96,1,4.139955073474153
8.198483824002588,3.074047291122126,4.779963476361254,3.05,1,4.127134385045092
8.199145540207278,3.07654097291401,4.78164132910387,3.25,0.9983221476510067,4.087655574071304
8.206813121656044,3.078945248605597,4.784988612563928,3.34,0.9983221476510067,4.087655574071304
8.211543713749155,3.079796224794205,4.784988612563928,3.56,0.9983766233766234,4.120661870539474
8.21465298287329,3.081280193158605,4.786658062033468,4.01,0.9966216216216216,4.0809215418899605
8.218637062578582,3.0829074438701483,4.791649752930709,4.25,0.994991652754591,4.092676505121403
8.218039530562978,3.0846772745946183,4.793308128103486,4.26,0.9916805324459235,4.096009841541162
8.2215579914943,3.087383219181312,4.797442073635214,4.47,0.9932546374367622,4.08260930600368
8.222729400652787,3.0890835016751197,4.795790545596741,4.73,0.9916666666666667,4.0943445622221
8.227689097840308,3.0902667968568736,4.794963757620747,4.76,0.9932773109243698,4.085976312551584
8.231444525025214,3.0926825748287694,4.799914262780603,5.29,0.9966666666666666,4.0943445622221
8.237347288456304,3.094397978561149,4.803201036487226,5.45,0.9967426710097721,4.117409835153096
8.23668592121169,3.096378057362066,4.811371016571989,5.53,0.9983471074380165,4.102643365036796
8.234749409559049,3.0981091973291037,4.816241156068032,5.92,0.9982668977469671,4.055257173514054
8.235692934871874,3.0991136122764478,4.819474788635096,5.98,0.9982638888888888,4.053522567701846
8.234947269076773,3.1013078590855456,4.825108606353353,6.05,0.9966044142614602,4.075841090657541
8.239083097257181,3.1025087094537245,4.827513417131532,6.01,0.9982363315696648,4.037774210733707
8.242022567700035,3.1041510917004658,4.8307108619020225,6,0.9964912280701754,4.04305126783455
8.239393805605603,3.1057569327963828,4.8307108619020225,5.85,0.9930313588850175,4.050044303325521
8.24945206558776,3.1077564293652253,4.829113417472866,5.74,0.994718309859155,4.039536325727106
8.25258605589283,3.109198916374231,4.829912458665998,5.8,0.9947552447552447,4.046553898385752
8.25127030374662,3.111507654725003,4.8307108619020225,5.76,0.9946808510638299,4.032469158504013
8.253592750365119,3.112497020956699,4.83150862819882,5.8,0.9964539007092199,4.032469158504013
8.256911887717942,3.1131164179109163,4.8338981155962015,5.6,0.994818652849741,4.05871738457895
8.253784803675142,3.116196945975526,4.838660029356445,5.56,1,4.041295341132285
8.265371719224213,3.1168698579311163,4.837867950107113,5.22,0.9981412639405206,3.9852734671677386
8.264971016677142,3.1184355456630874,4.839451481712757,5.31,1,4.005513348515485
8.272527609606712,3.1204208496749617,4.847331743138063,5.22,0.998211091234347,4.023564380161053
8.277978647927643,3.12122952377067,4.852811208902689,5.24,0.9981203007518796,3.9740583963475986
8.283261281463204,3.1222700565363253,4.852030263919617,5.27,0.994413407821229,3.983413001514819
8.282705835435,3.12354172392516,4.852030263919617,5.4,0.9924385633270322,3.9684033388642534
8.286392399527216,3.124170578823693,4.8543712716215905,5.22,0.9941972920696324,3.9454577815143836
8.291469770007419,3.126025421415503,4.853591544486569,5.3,0.9941176470588236,3.9318256327243257
8.292630102932053,3.127703382563495,4.852030263919617,5.24,0.9939516129032258,3.903990833730882
8.298505263347426,3.129884992326813,4.853591544486569,5.31,0.9959758551307847,3.906004933102583
8.30042598375594,3.1321034280294313,4.860587297852597,5.29,0.99609375,3.9357395320454622
8.296824723246578,3.1343584348814977,4.865224091322398,5.25,1,3.92395157629342
8.304024211990582,3.136275375762867,4.855928904335275,5.19,0.9979209979209979,3.8732821771117156
8.309986549251807,3.1369338070162365,4.846546505563361,5.39,0.995798319327731,3.8628327612373745
8.314948283855076,3.1372591407669885,4.844187086458591,5.51,0.9937369519832986,3.8691155044168695
8.321075239556576,3.137314447023579,4.847331743138063,5.5,0.9956521739130434,3.828641396489095
8.324377658262016,3.1389433670684985,4.845760650906022,5.56,0.9935622317596565,3.8416005411316
8.328579217352699,3.140300521357967,4.843399374720342,5.52,0.9913793103448276,3.8372994592322094
8.333037795295185,3.142290738670762,4.845760650906022,5.54,0.987152034261242,3.8437441646748516
8.336018197410217,3.143994354460089,4.848116364598481,5.54,0.9891540130151844,3.8308129500026027
8.337942212964217,3.1449552151174376,4.850466541943434,5.5,0.9956140350877193,3.8199077165203406
8.341271924607232,3.14561602121673,4.851248708584797,5.52,0.9956989247311827,3.8394523125933104
8.343933141871817,3.1459773665485944,4.842611042003125,5.5,0.9937369519832986,3.8691155044168695
8.348801449101993,3.1469535945338842,4.83150862819882,5.56,0.9957894736842104,3.8607297110405954
8.351403680815617,3.1469557544281774,4.8283137373023015,5.51,0.997787610619469,3.8110970868381857
8.352909310152038,3.1468979225234417,4.825910852685991,5.49,0.9978070175438596,3.8199077165203406
8.356704165481547,3.1476934311341287,4.827513417131532,5.45,0.9978540772532188,3.8416005411316
8.36337575899465,3.149550658542958,4.829113417472866,5.49,0.9955555555555555,3.8066624897703196
8.360670465403329,3.150644886805359,4.826712455935327,5.56,0.9933481152993348,3.8088822465086327
8.360093942719011,3.1527968255848364,4.827513417131532,5.54,0.9932735426008967,3.7977338590260183
8.378217790839239,3.1537622009489175,4.821893169499378,5.55,0.9932885906040267,3.7999735016195233
8.379862280507778,3.1539981425489176,4.818667360250496,5.51,0.9954751131221719,3.7887247890836524
8.387032510989373,3.1553187918887557,4.820281565605037,5.07,0.9954648526077097,3.7864597824528
8.387607295238286,3.1560701488908736,4.817050545023591,4.83,1,3.7864597824528
8.391539852815347,3.1576102909470185,4.810557015713042,4.68,0.997787610619469,3.8110970868381857
8.394591860956739,3.1594845693340377,4.811371016571989,4.63,0.9935897435897436,3.845883202923601
8.399044227360998,3.159572151454769,4.8064770426931265,4.76,0.9978021978021978,3.817712325956905
8.400591349772668,3.1596792344985873,4.808927023502111,4.81,1,3.765840495250065
8.402199304328796,3.1638563041442413,4.817050545023591,4.74,0.9954128440366972,3.775057150354989
8.40790007764013,3.1635073915912804,4.825910852685991,4.74,0.9977678571428573,3.8022081394209395
8.409062615187358,3.162683002510063,4.829912458665998,4.76,0.9976359338061467,3.744787086052232
8.41627059421873,3.164977544461866,4.8338981155962015,4.99,0.9927884615384615,3.728100167267218
8.421751345373107,3.166305276752827,4.843399374720342,5.07,0.9928057553956834,3.730501128804756
8.420660239103409,3.1693537321920324,4.852030263919617,5.22,0.9927360774818402,3.720862499966987
8.431726142756899,3.170990432020217,4.8496837630384935,5.2,0.9926289926289925,3.7062280924485496
8.435603215765699,3.1723545016600623,4.8543712716215905,5.42,0.9926829268292684,3.713572066704308
8.440163999261634,3.1738918106325786,4.850466541943434,5.3,0.9904076738609111,3.730501128804756
8.436184926012968,3.1756015580124854,4.8543712716215905,5.45,0.9932126696832578,3.7887247890836524
8.438431985842161,3.1784963212700252,4.86599480426999,5.73,0.997624703087886,3.7400477406883357
8.443743321305316,3.183006557790154,4.873669439023098,5.85,0.9974811083123425,3.681351187693145
8.453585800745818,3.1829603976829306,4.872904620630176,6.02,0.9926108374384235,3.703768066607687
8.458794974267374,3.184336668005446,4.879767018891217,6.27,0.9903846153846154,3.728100167267218
8.460129611429139,3.1884450801573863,4.896346147694128,6.53,0.9873096446700508,3.673765816303888
8.457580280788974,3.190015307282659,4.895598484107897,6.54,0.9849624060150376,3.686376323895818
8.456089639388098,3.1896748271247573,4.8895969657192,6.5,0.9848101265822784,3.676300671907076
8.461899726099702,3.1935444773038815,4.903050083416319,6.52,0.9872448979591837,3.6686767467964168
8.462814604745269,3.1950667937686363,4.9082333604781745,6.51,0.9871134020618557,3.6584202466292277
8.465767339007646,3.1963777393366075,4.90527477843843,6.51,0.9922480620155038,3.655839600035736
8.46485243552808,3.1979123416640367,4.9141243937154115,6.4,0.9947916666666667,3.648057459593681
8.461642073324485,3.2018339445664714,4.941642422609304,5.98,0.9974747474747474,3.6788291182604347
8.459319647781514,3.2033953681416008,4.922896379788249,5.49,1,3.66612246699132
8.462621949263893,3.2039030291487065,4.911919321157098,5.31,0.9973404255319148,3.6270040503958487
8.466963117795713,3.2055149458313714,4.915591745409362,4.8,0.9974093264248705,3.653252276470785
8.468259074863932,3.2097425749027804,4.918520005188451,4.21,0.9949238578680204,3.673765816303888
8.467040654939938,3.211854923125811,4.908971640319756,3.97,0.994750656167979,3.6402142821326553
8.462843866369047,3.2110088092873514,4.893352133481524,3.77,0.9923664122137406,3.6712245188752153
8.4639145503232,3.211837012380023,4.893352133481524,3.65,0.9949622166246851,3.681351187693145
8.463461353366494,3.216042063226514,4.892602227184663,3.07,0.9409722222222222,4.053522567701846
8.466091167554637,3.215510155254833,4.869839484130799,2.49,0.9977578475336323,3.7977338590260183
8.465164849393224,3.2162448985180427,4.86599480426999,2.09,0.997506234413965,3.6913763343125234
8.46719496785006,3.216540580900217,4.852811208902689,1.82,0.9975669099756691,3.716008121502189
8.473188934286215,3.2181007615132935,4.855928904335275,1.73,1,3.7773481021015445
8.473184386342012,3.219128991067654,4.855150391255861,1.74,1,3.7495040759303713
8.477060110515795,3.220476108553195,4.86599480426999,1.73,0.9975186104218363,3.696351468952637
8.477984074145109,3.2225644496502044,4.873669439023098,1.75,1,3.711130063048756
8.479237818191466,3.222674552279564,4.873669439023098,1.75,0.9975186104218363,3.696351468952637
8.484529580643999,3.222926223067488,4.874433672915854,1.75,0.9974093264248705,3.653252276470785
8.484504187116052,3.225010785727795,4.876722876509988,1.73,0.9949238578680204,3.673765816303888
8.484099153948238,3.227717701161379,4.879006851617819,1.74,0.992462311557789,3.6838669122903918
8.485330436837286,3.229781244607766,4.88507207112091,1.75,0.9922879177377892,3.6609942506244004
8.484611032465233,3.2324642606461276,4.891851758106289,1.75,0.9948320413436692,3.655839600035736
8.488830632524511,3.2336491981049686,4.891100725401066,1.34,0.9923469387755101,3.6686767467964168
8.484191782031596,3.2337602826109686,4.8895969657192,1.24,0.9975186104218363,3.696351468952637
8.489185237643971,3.234891792230263,4.907494535176743,1.24,0.9976689976689976,3.758871825933971
8.491257933871134,3.238570588690807,4.924350925499243,1.26,1,3.735285826928092
8.492951107020728,3.241033622043263,4.950177325059141,1.25,1,3.703768066607687
8.49463448670904,3.241043269916085,4.918520005188451,1.26,0.9975728155339806,3.7184382563554808
8.499795078361753,3.241419723459938,4.917788743729904,1.26,0.9976076555023925,3.7328963395307104
8.505391018478203,3.242577799507564,4.927253685157205,1.22,0.9976190476190476,3.7376696182833684
8.513065638579075,3.2441003615423285,4.925077405734609,1.01,0.9977064220183486,3.775057150354989
8.51466407418119,3.2473578428884933,4.927253685157205,1.03,0.9934924078091105,3.8308129500026027
8.52158490163575,3.250687547201811,4.930870325627393,1.01,0.9977477477477478,3.7932394694381792
8.523975071808103,3.2516233338119642,4.93662988078576,1.01,0.9976798143851507,3.763522997109702
8.529686708912775,3.253130138064804,4.933754249760298,1,1,3.751854253275325
8.53028233664037,3.255615232683868,4.93806460126142,0.98,0.9976744186046511,3.7612001156935624
8.531193464578498,3.258662904649173,4.951592753462473,1,0.9978021978021978,3.817712325956905
8.535844157278873,3.2604436212928065,4.956531035103055,1.01,0.9977220956719818,3.7819143200811256
8.533864728377534,3.2625931232642134,4.963543686562405,1,0.997737556561086,3.7887247890836524
8.537917740047536,3.2647030548427622,4.975353479951616,1,0.9978308026030368,3.8308129500026027
8.544804381985397,3.2687631653153235,4.9890711161804155,1,0.9978401727861772,3.835141961092188
8.541332767630273,3.2723348909932515,4.991792206294776,1.03,0.9956236323851203,3.822098297900159
8.54906734976351,3.2738151856639437,4.993149979755236,1.26,0.9935897435897436,3.845883202923601
8.550986222269342,3.27441664881565,4.997212273764115,1.43,0.9956331877729259,3.824284091120139
8.552334169175126,3.2765514244542673,4.995183189537334,1.61,0.9935483870967743,3.8394523125933104
8.55782229143855,3.279809830987821,5.0106352940962555,1.76,0.9956236323851203,3.822098297900159
8.559495640531647,3.283550367798905,5.019925341003349,1.93,0.9956140350877193,3.8199077165203406
8.56550733445438,3.2845881523329945,5.011967739330034,2.16,1,3.845883202923601
8.568870985995492,3.2861163122244155,5.016617365773803,2.28,1,3.919991175077323
8.574223662083332,3.290860816467891,5.021245473208271,2.5,1,3.8416005411316
8.572836899501166,3.2948438949608403,5.03500265054455,2.63,1,3.8264651170664994
8.57334417053032,3.2980745337704693,5.043425116919247,2.79,0.9978494623655914,3.8394523125933104
8.57526841376848,3.2977805194434593,5.038898759369115,3,0.9978401727861772,3.835141961092188
8.582048208793067,3.297501614622114,5.038898759369115,3.04,0.9934782608695653,3.828641396489095
8.58563761333064,3.3007691316267405,5.051777237427431,3.26,0.9915074309978769,3.8522730010223722
8.590977754295576,3.3046920065690766,5.060060177423779,3.5,0.9912087912087912,3.817712325956905
8.577442632909278,3.315071044201538,5.088830141681313,3.62,0.9934924078091105,3.8308129500026027
8.583402595145126,3.3167871253237484,5.113191882421348,3.78,0.9933035714285715,3.8022081394209395
8.590937170807559,3.313690116531544,5.098035484377089,4,0.9955257270693512,3.7999735016195233
8.596341849735037,3.3146589696970277,5.093750200806762,4.16,0.9955947136563877,3.8155121050473024
8.601317761216913,3.3204502863551166,5.101694025043223,4.29,0.9978768577494692,3.8522730010223722
8.603745208306968,3.3218876313639165,5.086361004624392,4.49,1,3.7977338590260183
8.605748358459193,3.323977156147917,5.088830141681313,4.59,0.9976580796252927,3.754198920234579
8.606595077152766,3.328621176000165,5.101694025043223,4.79,0.9955257270693512,3.7999735016195233
8.605496313042888,3.3311256312054365,5.110782242701195,4.94,0.9956043956043955,3.817712325956905
8.6064770534318,3.332645346162351,5.112590016619249,4.99,0.9955654101995565,3.8088822465086327
8.604868656507923,3.3358355555649375,5.116795489924646,5.24,0.9933184855233853,3.8044377947482086
8.608524323282547,3.3396767875413302,5.123368564083496,5.25,0.9906323185011708,3.754198920234579
8.609664860052552,3.337765395349741,5.108366782589591,5.25,0.9906103286384977,3.751854253275325
8.612946188818464,3.3376467312384395,5.088830141681313,5.25,0.9952038369304556,3.730501128804756
8.61449838141963,3.340380430000416,5.103518288242969,5.25,0.997624703087886,3.7400477406883357
8.62127324959823,3.345943209771608,5.109575241951159,5.24,0.9953810623556583,3.768152635008444
8.616267566841985,3.347721251089729,5.099866427824199,5.25,0.9955156950672646,3.7977338590260183
8.620861981978068,3.350635390106471,5.116795489924646,5.26,1,3.751854253275325
8.6206127433457,3.3540111934537613,5.13167228913909,5.26,0.9975429975429975,3.7062280924485496
8.624426079267339,3.355180516306625,5.1440000061636795,5.25,0.9976470588235293,3.7495040759303713
8.625114386047356,3.3579398460029317,5.155024196721561,5.25,0.9977324263038548,3.7864597824528
8.626504326601461,3.360037919761188,5.157905212831292,5.25,0.9954441913439637,3.7819143200811256
8.62759534445757,3.3624441546558965,5.165357239291806,5.26,0.993006993006993,3.758871825933971
8.630993331115556,3.3625593497665425,5.149817358229593,5.02,0.9799554565701559,3.8044377947482086
8.634675889738038,3.3645123378288004,5.156177599386914,4.94,0.9625292740046838,3.754198920234579
8.634852576144608,3.3644298934718613,5.163070217140011,4.76,0.9928741092636578,3.7400477406883357
8.63909696676724,3.3683623836426215,5.187385805840755,4.49,0.9906103286384977,3.751854253275325
8.638110777565803,3.368847956516551,5.185148668442399,4.24,0.6436781609195402,3.7727609380946383
8.634223843722001,3.370106688325331,5.198497031265826,3.94,-0.0178173719376392,3.8044377947482086
8.631767875937097,3.3705998563311854,5.207845463383961,2.98,-0.37214611872146125,3.7796338173824005
8.633241678314876,3.37202240790149,5.23590990641942,2.61,-1.1575342465753427,3.7796338173824005
8.635600775094439,3.3724946307963397,5.251749730731702,2.28,-2.008888888888889,3.8066624897703196
8.638171908193648,3.374852198021075,5.281171207713066,1.98,-2.321961620469083,3.8480176754522337
8.643256933567681,3.3798674237213873,5.300814246746624,2,-2.740174672489083,3.824284091120139
8.647379689328192,3.381409044487726,5.32544603393629,2.01,-2.6021739130434782,3.828641396489095
8.640896855389387,3.381014083436589,5.293304824724492,2,-2.6703056768558953,3.824284091120139
8.612628585327297,3.3873095357672662,5.28269598564508,1.81,-1.8192419825072885,4.633757642840004
8.618992149469163,3.3909720856748247,5.2278949022514904,0.97,-1.059402795425667,5.751937516543248
8.613640883934394,3.384273888093282,5.175019150203543,0.39,-0.1472664587095715,6.411982457842439
8.60213816532718,3.381730075014926,5.141078590121546,0.16,0.2038007065416007,6.710401299354221
8.59704574041648,3.3841042188409296,5.1428324637076415,0.15,0.3449197860962567,6.757164920349636
8.602762618260178,3.3863717427752467,5.13167228913909,0.22,0.16904422253922968,6.55250788703459
8.600787612910045,3.3841504214455673,5.12455904041457,0.18,0.21334018763655058,6.656855050622885
8.601921333008478,3.382497875512406,5.130490255904535,0.15,0.36690484291709197,6.7818518620929815
8.598318080028628,3.3813978265725564,5.14049328135447,0.18,0.4180327868852459,6.80550104494338
8.594988643003179,3.3857424872435256,5.159629846774143,0.21,0.45819439298505615,6.696663808692069
8.597228821794122,3.383681154951597,5.150397236471415,0.16,0.5393596986817326,6.680227129350103
8.601592656390705,3.3846840728440184,5.1647859739235145,0.16,0.6000965367442983,6.719858207854997
8.606912392114852,3.3848390652960147,5.159629846774143,0.15,0.6674615217862562,6.82719577112372
8.610665424013575,3.3860725005908767,5.165928178502291,0.12,0.7492192675309928,6.962906123446985
8.61340223205545,3.3881148137942976,5.178407069875479,0.12,0.8096531184302733,7.040186066162627
8.613940060246296,3.388492114762057,5.182345190295616,0.12,0.8510171869519466,7.039134357038517
8.616753229909431,3.389502794504236,5.203457085524077,0.11,0.872168284789644,7.01427512235981
8.61640955402498,3.389888038923128,5.198497031265826,0.13,0.9092615259077927,7.111104202968168
8.619345369072915,3.3918930002932335,5.21112415484566,0.16,0.9225833685099197,7.07707602359884
8.621389038562961,3.3944350145476783,5.2171073111224935,0.2,0.9282262394845175,7.018759837025049
8.629664455991676,3.3955548485403924,5.2192741592075835,0.2,0.9319715648339782,7.013285780191601
8.630320527312264,3.3959163257624247,5.212214667494625,0.18,0.9364082969432314,7.002337921468085
8.632024205963084,3.397211107336794,5.215479088239032,0.18,0.9394190108475823,6.99191258698886
8.634636562650785,3.3982710051006064,5.219815138393079,0.19,0.9446133996866649,6.989427427626162
8.637773541415738,3.3995297638695208,5.219815138393079,0.19,0.9498043706460539,6.954543440480896
8.63816376345667,3.402310929986527,5.228967288413243,0.19,0.9532557468500529,6.946687488983924
8.638839839133809,3.403896225110592,5.234844943592463,0.19,0.9550356248796458,6.945628931410218
8.643143785274,3.406168348752882,5.245443876940969,0.18,0.9577922077922078,6.982862751468942
8.637700837098377,3.4073849335798596,5.2611345754203205,0.17,0.970998829145276,7.01238552806022
8.633682526970052,3.4086862409331617,5.27709373009641,0.16,0.9826699374851625,7.141799204764635
8.641630929382082,3.4116191802982834,5.294309345150498,0.14,0.9861314377308522,7.268850439354361
8.643389640007594,3.4142901348391317,5.313698468586339,0.1,0.9882853403141361,7.331714969726466
8.645025352577507,3.41643666937445,5.318610069815799,0.09,0.990501949930809,7.371363501139013
8.644843404392448,3.416741113192711,5.31762967758041,0.09,0.9920758794573178,7.41806076750124
8.642905662211305,3.41974301773307,5.321056853517526,0.07,0.9926912648827066,7.4363815273736344
8.644928981637696,3.4223513146763205,5.314190715704327,0.1,0.9928597143885757,7.418540901948107
8.644753843463327,3.4233848055995564,5.31664832323276,0.08,0.9929418923030119,7.404583393104274
8.65239994673324,3.422439221866942,5.303802296778606,0.07,0.993166148026115,7.401780564069782
8.654500058888667,3.423180154972625,5.305292980284462,0.08,0.9935317759356944,7.372997591126162
8.659181371570964,3.423420056580256,5.297316866214453,0.07,0.9940576718583849,7.376946077970846
8.663361530030494,3.4263770663242696,5.301811255802292,0.08,0.9946887351778655,7.389687479093147
8.665601643917906,3.428875348559344,5.306285536197214,0.1,0.9952406771492258,7.414512638572174
8.66218006499661,3.4313411932385387,5.319099905730565,0.13,0.9954553943846106,7.38168867656372
8.66672022254453,3.4334696016534614,5.31664832323276,0.14,0.9956513518623558,7.369411666740044
8.668514561202294,3.432662032696692,5.307772525318792,0.16,0.9960218158485723,7.351479099207392
8.669270009684672,3.4328282962448795,5.297316866214453,0.16,0.9966568085379967,7.349488026260843
8.671806112571222,3.4338650536162683,5.2988172415896875,0.16,0.9972850107336785,7.367582301776312
8.669159873853024,3.438846356375959,5.311727053457954,0.13,0.9979142965491089,7.366571562587296
8.667854198294238,3.4426523331835877,5.320078858329549,0.14,0.998682042833608,7.3248195229336535
8.668315334236269,3.4444722497124953,5.31566600488265,0.16,0.9990167802831673,7.330143054286209
8.670512762176646,3.4430012215435046,5.307277107919509,0.16,0.9993532113058664,7.343490910108549
8.673456699911952,3.442900775821037,5.305789381386738,0.16,0.9994905756495159,7.359085642962252
8.676591038838442,3.4445954218343533,5.310739886546594,0.14,0.9996945445659479,7.400559488150309
8.681192323696452,3.4494316672203666,5.319589501823576,0.15,0.9997115495557863,7.457840076700244
8.683946062857588,3.448236811237371,5.318119993844216,0.14,0.9997791641362558,7.501800098498871
8.682070260388388,3.4480552817186023,5.31566600488265,0.15,0.9997877646309757,7.541523936022582
8.682546442051894,3.4492552868707524,5.318610069815799,0.11,0.9997981836528759,7.591861714889934
8.685142157847205,3.4514108266658416,5.319589501823576,0.09,0.9998545736584419,7.631868038798962
8.685597261432637,3.452656719725085,5.320078858329549,0.09,0.9998137542487314,7.672152781070249
8.691874002839665,3.4548012414890983,5.319099905730565,0.08,0.9998668205629052,7.7198403836135965
8.697687461779237,3.4559321198355493,5.31762967758041,0.08,0.999871459788337,7.755295967027176
8.699660628474442,3.4577448289916313,5.310739886546594,0.09,0.9999176208913418,7.794740776463703
8.701278171454938,3.459791220923467,5.304299438225584,0.08,0.9999205434825792,7.8308627241832145
8.700294740708607,3.4616764516385468,5.308267697401205,0.09,0.9999212908303818,7.840312983320164
8.693245659697634,3.4626088410711144,5.3171391207886245,0.07,0.999960882491003,7.846355297776126
8.6957289339703,3.4630861565792874,5.326418796658912,0.07,0.999962265574884,7.882352654117345
8.701869110380109,3.4648789520273597,5.332718793265369,0.08,0.9999626405648747,7.89233997149528
8.704484549918808,3.4671083002119696,5.3389793482669266,0.09,0.9999631662308004,7.906510399277183
8.709652414177679,3.46933042555549,5.337538079701318,0.09,0.999925606308585,7.896701500095811
8.715204782160418,3.471059874895001,5.3389793482669266,0.1,0.9999265327113102,7.909232390217015
8.72059968512683,3.4725993915330133,5.337538079701318,0.09,0.9999275099673796,7.922623574217286
8.721440668992992,3.473190033628298,5.332718793265369,0.09,0.9999296270232232,7.952263308657046
8.723569738021364,3.474019916937315,5.329816033607408,0.09,0.9998934091312843,7.9425399049040815
8.722059413283901,3.4746968387742845,5.315174483614459,0.09,0.9999275441075245,7.923094648456425
8.727341996329042,3.474444433443531,5.302807271820889,0.09,0.9999611665566386,7.853643647295236
8.73132319374601,3.4736442833940036,5.2832037287379885,0.12,0.9999624892156496,7.888296990657816
8.733000706128614,3.470677067832529,5.2574953720277815,0.11,0.9999635780885782,7.9177549092936435
8.735330210290455,3.4739131473453075,5.252796851246227,0.11,1,7.846237938362789
8.739298778443294,3.476544368074769,5.2548878086207,0.11,0.9999634088331077,7.913118595430616
8.741583494766646,3.477174472257586,5.251749730731702,0.12,1,7.9217895911749485
8.742474085146512,3.4795713208123087,5.264760583019194,0.12,0.9999621455880683,7.8791779282942915
8.742106897366723,3.4815801566709386,5.2719733912084346,0.13,0.9999617019646893,7.867526867467828
8.745724812132945,3.482694053926531,5.267342562248606,0.13,0.9999245083606989,7.882050733142866
8.74571492419126,3.4826475697609953,5.256974403013654,0.14,0.9998874760886689,7.88837200941254
8.746708002089326,3.480930394038364,5.242275975664412,0.14,0.9998889423610854,7.901488417598887
8.748021617665781,3.4818046784521997,5.233778845410465,0.12,0.9999266297369676,7.910553927797845
8.747475319436925,3.4827033890141745,5.22413246835866,0.12,0.9999624102544824,7.886194177371226
8.74818026526966,3.481703170438594,5.212214667494625,0.24,0.9999596969208447,7.816497593098962
8.754823355094596,3.4810477631265733,5.207297968160868,0.34,0.9999590163934426,7.799753318287247
8.754353938225325,3.4799607780740733,5.200153117760806,0.38,0.9999601736429169,7.82839653359355
8.751832859542883,3.4825869060551393,5.2045559867335625,0.36,1,7.831895125799691
8.755216474877134,3.48599825412331,5.21057845224003,0.37,0.9999597909127463,7.818832443803404
8.755386055133329,3.4879690275722446,5.221976133291314,0.37,0.9999590801211227,7.801309483882422
8.760021059104556,3.4899577715233683,5.234312036572124,0.38,0.9999176107106077,7.79461720016548
8.762721864055369,3.4890939381623634,5.234844943592463,0.39,0.9999156545209178,7.771151435101768
8.763839195516113,3.4902617246246006,5.228967288413243,0.4,0.9999171327946966,7.788833255100547
8.765274905631316,3.492232229700047,5.230573714461517,0.4,0.9999139821943143,7.751518327849209
8.767483905764655,3.4941843790211835,5.2295030505476765,0.4,0.9999072399239368,7.676056313142507
8.767224414459585,3.4950612890184005,5.227358277607543,0.41,0.9999545805513922,7.696985068219127
8.77369889408306,3.496818680654977,5.23750522715128,0.54,0.9999522741373549,7.647452020195062
8.7746393502349,3.4995931940051315,5.250701512606374,0.65,1,7.677168814995532
8.772852272581863,3.500846820420635,5.25540986553676,0.66,1,7.741924477253971
8.775498476187362,3.5008770977677757,5.2548878086207,0.79,1,7.778127718911288
8.778413329272858,3.5026236057210287,5.262690188904886,0.9,1,7.759955389396683
8.778791866791718,3.5027104588308506,5.261653382176445,0.91,1,7.735826631798603
8.782530876258791,3.5038207637794505,5.265794174842477,1.04,0.99995594131383,7.727402943151424
8.78639936181911,3.504587979637387,5.2652775124698366,1.15,0.9999564630589055,7.739315666695709
8.787357292683744,3.5079081341926432,5.266826699456666,1.16,0.99991691591891,7.786219525315835
8.789544945210256,3.5120197838393628,5.2719733912084346,1.15,0.9999151787607615,7.765526671377002
8.796569569138482,3.5125713745045832,5.272486606513515,1.15,0.9999567268163919,7.74539233802703
8.798725995352239,3.5144893756703097,5.277604324950495,1.16,0.9999579531598198,7.774141225727652
8.801624484006107,3.5158598890512835,5.279644101282416,1.3,0.9999567062083295,7.744916219680987
8.804340879063595,3.5187975310202395,5.28776185260852,1.41,1,7.732369222284388
8.807063693715794,3.52110485124687,5.294811227218749,1.42,0.9999566216978266,7.74296609880555
8.809817994263797,3.522039318951102,5.294811227218749,1.51,1,7.710160370478604
8.814791853863934,3.5254415508545995,5.299816242671772,1.69,1,7.67368812926773
8.808699225300796,3.528176054468592,5.314190715704327,1.7,0.9999520751461708,7.643291226033869
8.813611189896726,3.529457097990233,5.319099905730565,1.82,0.9999512836751596,7.626911278723133
8.815774597698304,3.5302528228799908,5.319589501823576,1.91,0.9999007247096199,7.608175943508581
8.820020057760845,3.5319053713421673,5.315174483614459,1.91,0.9998481858205557,7.588880484314757
8.819964934584954,3.5338429188550236,5.316157284676367,1.95,0.9998452012383902,7.569411792450712
8.81803443424111,3.5360669024839955,5.321056853517526,2.19,0.9998945036396244,7.547396192018941
8.819397609752095,3.5359319979847803,5.3097517441737,2.2,0.9999456757931334,7.517955538721156
8.822574365839937,3.536904267764701,5.303304908059076,2.27,0.9999431785896925,7.4730122682361655
8.823749844104194,3.536724773185868,5.293807211070151,2.4,0.9999414279857085,7.442668454277188
8.82521556189377,3.539198674076906,5.294309345150498,2.4,1,7.446410054666804
8.829708107876517,3.5419580166398346,5.302309387817574,2.41,1,7.453503932537357
8.830086486087438,3.544380496130031,5.308762624409575,2.42,1,7.392585942471042
8.834656112294708,3.5444648071578513,5.3067814449601665,2.39,1,7.362835607632497
8.838871588544727,3.5445071113203466,5.299816242671772,2.38,0.9999375507400238,7.378571078328431
8.840076894529892,3.547015139833627,5.301811255802292,2.4,0.9999366527302673,7.364293657274302
8.84811109154652,3.54770299346659,5.294309345150498,2.13,0.9999369800857072,7.369474688640175
8.850312808692104,3.548150726334364,5.290285194850773,2.04,0.9999335459861777,7.31641527798682
8.84969764058076,3.5488813947100946,5.291292751611072,1.83,1,7.344137489725023
8.854965207566114,3.5504275505496627,5.293304824724492,1.55,1,7.374754399207574
8.854245704082691,3.552870651758096,5.293304824724492,1.55,1,7.437383029710724
8.849305741997867,3.5553512665195623,5.294811227218749,1.55,1,7.447284970876483
8.84837561686415,3.5568962782267586,5.281679725395013,1.58,1,7.454083172590624
8.821229937348091,3.5547095225021774,5.263208189434469,0.65,0.9806611412784606,7.649406868601697
8.737284244316845,3.5500706697008235,5.22305488204749,0.05,0.9578480498374865,7.990780044308533
8.746531117017895,3.5503675073865497,5.239628370199357,0.05,0.9652536051715566,8.076391019018388
8.78847237386226,3.55455083488997,5.2533200006173,0.08,0.9678998554343541,8.020796304302367
8.822767825107837,3.5583428680022893,5.262690188904886,0.09,0.9658267426889828,7.907835536585975
8.83610573993202,3.56106843440563,5.269403356383394,0.1,0.9703182483837555,7.937267547565947
8.838363224128504,3.562926071926555,5.2755603794254204,0.09,0.9725182277061133,7.956056247108876
8.839185386592897,3.5636917744195937,5.280662431309316,0.09,0.9742751859834526,7.964364320169789
8.840845035573748,3.56615628874543,5.28978103552575,0.09,0.978053843872541,8.017867851820453
8.85105013942739,3.5711204127109415,5.300814246746624,0.09,0.9812759170653909,8.050384453067021
8.860129457146574,3.5753318831441723,5.322033893165353,0.09,0.9833217071469338,8.056363353971486
8.846728117197095,3.579619189451219,5.349960599699875,0.08,0.9840401685645118,8.115490994668601
8.865753833742923,3.5839812857304105,5.3706380281276624,0.07,0.9844140488538952,8.221828348585033
8.868941823137348,3.5888987781364814,5.384036241950574,0.07,0.9828158361844982,8.265470108218713
8.875522157973256,3.594389110288196,5.41565585896527,0.06,0.9791343869434975,8.261629748845916
8.878844598769408,3.6019683374502924,5.433285226958521,0.08,0.9771835451261662,8.255334798973914
8.882193048628135,3.607049382378104,5.446090610837469,0.1,0.9777884834808185,8.279925360431509
8.8838086002595,3.610170154058184,5.452817985139583,0.09,0.9804835631989565,8.328475221117015
8.881981356821294,3.613846480750724,5.4624664665954885,0.08,0.9836401793379759,8.341219444578417
8.89560335178901,3.6209000796050317,5.482574548809747,0.08,0.9867735762215062,8.325572531674185
8.902454473978864,3.6275585125047494,5.494241816384955,0.08,0.9891642347988326,8.338210055887682
8.900949291841686,3.6337619279727016,5.4861984405472235,0.08,0.9909262398815636,8.339954693959408
8.895770317212971,3.639708272852054,5.507171305931832,0.08,0.9917336157681279,8.261293983362036
8.896886627495363,3.646473049107358,5.532044711401891,0.08,0.9924563017479301,8.243939855616578
8.898707217721663,3.6559963646473532,5.560735475719722,0.2,0.9932381861821561,8.262223519435576
8.898565130229146,3.6606143587573823,5.580898953610859,0.33,0.9933617303756154,8.192957778540753
8.89869167676822,3.6689981805052088,5.610390786702284,0.77,0.9933994394044425,8.107087331658478
8.898802277135905,3.6795907665250778,5.635685630188544,1.21,0.9933713294511213,8.079741937450217
8.902790425386582,3.6790994361249663,5.606808912197683,1.68,0.9939853315739405,8.08908362182352
8.905232025590504,3.6797734540285396,5.596739062240177,2.33,0.9943434465652318,8.103464029889611
8.909603917104825,3.683436684242795,5.5906063110505055,2.56,0.9935172766174873,8.049235467877423
8.912950252016712,3.6880960671210183,5.579959988176118,3.08,0.9935203063127925,8.024763977928396
8.9144737169709245,3.6907353429753558,5.572750812244017,3.78,0.9938583583903782,8.04757348846137
8.910847077437118,3.691900354731953,5.552560280403977,4.1,0.9944324654845041,8.041509460895304
8.91692744969869,3.6973480037299487,5.561554327028641,4.33,0.994818310835341,8.0162848946584635
8.919616542587672,3.700506929026875,5.55554925209298,4.57,0.9948375140644647,8.013607959305741
8.923357250512764,3.700808177168802,5.549317300936478,4.65,0.9339246255831082,8.088991556334204
8.926117040680797,3.7032454505457393,5.548718044152586,4.83,0.8991588927970638,8.092392347001331
8.92679620363473,3.7042764280655756,5.536034209711707,5.06,0.9050562492273458,8.081969661143798
8.925775429662668,3.7067333197470878,5.536782933960031,5.08,0.9107974032337091,8.09119879205558
8.93385218259388,3.709065394753894,5.536684449633732,5.12,0.9144618869349106,8.064227587159218
8.937323532696539,3.713341773961436,5.551718505022944,5.33,0.920446096654275,8.07961802938984
8.941906984878418,3.7161978537005966,5.556573202970984,5.33,0.9314112853438696,8.083205144374835
8.942566793316667,3.715914609104074,5.542016203016895,5.33,0.9475354799328551,8.094531058479552
8.947429550102752,3.7165143479694334,5.532820156728336,5.33,0.9549287498163654,8.132559592888006
8.948308570503874,3.7181477288391145,5.5209247741628955,5.33,0.9617697594501718,8.158229916959494
8.942841552543266,3.7213165251189966,5.526671320110126,5.33,0.9543484459652125,8.162516250140179
8.949742955177337,3.724829420311481,5.540973306964965,5.33,0.9522941951397259,8.17967640944743
8.951996471211691,3.727885848764813,5.541636024798879,5.33,0.9547006858400835,8.172757329135523
8.952190033530181,3.7304058425625803,5.548990478118224,5.33,0.9603440734800991,8.140169756939375
8.957655320617446,3.731092541671523,5.542490243436737,5.33,0.9643375492432096,8.124476476130239
8.961185492872906,3.731610921302227,5.54484145053992,5.33,0.9654407195904963,8.125542227141445
8.960989802775654,3.733428541545277,5.550324332746969,5.33,0.9657501059899462,8.102344191997732
8.967189053573634,3.7352353662358673,5.5430775850671665,5.33,0.9681731956279547,8.108051332335632
8.967500907615458,3.7370947455687484,5.532131781148771,5.13,0.9704337617399901,8.08234046641348
8.968742624630197,3.7385969265103567,5.533709595590618,4.83,0.9785465188690995,8.074524534310529
8.968551852104282,3.740889186156,5.534223133244213,4.64,0.9891304347826086,8.088500397188769
8.972159257503215,3.7442099746041713,5.535060029356095,4.48,0.9950931983705715,8.083452057956336
8.967067930448824,3.748699232810932,5.550475882930771,4.33,0.998003440226072,8.088131869452887
8.96961823136851,3.7509081822826262,5.558748995447149,4.33,0.9984054949098492,8.089850504788755
8.967890541853881,3.7507145344846484,5.554992401071039,4.33,0.9986796936889358,8.133968912243969
8.968069158457546,3.7524021613952074,5.554477811676862,4.33,0.9985991058122207,8.118207049405783
